<?xml version="1.0" encoding="utf-8"?><feed xmlns="http://www.w3.org/2005/Atom" ><generator uri="https://jekyllrb.com/" version="3.8.6">Jekyll</generator><link href="/feed.xml" rel="self" type="application/atom+xml" /><link href="/" rel="alternate" type="text/html" /><updated>2019-07-24T20:31:46+01:00</updated><id>/feed.xml</id><title type="html">PO2GO</title><subtitle>Write an awesome description for your new site here. You can edit this line in _config.yml. It will appear in your document head meta (for Google search results) and in your feed.xml site description.
</subtitle><author><name>GitHub User</name></author><entry><title type="html">Climbing Mount Nantai</title><link href="/misc/2019/05/21/climbing-mount-nantai.html" rel="alternate" type="text/html" title="Climbing Mount Nantai" /><published>2019-05-21T00:00:00+01:00</published><updated>2019-05-21T00:00:00+01:00</updated><id>/misc/2019/05/21/climbing-mount-nantai</id><content type="html" xml:base="/misc/2019/05/21/climbing-mount-nantai.html">&lt;p&gt;The last weekend of my stay in Japan, I wanted to visit somewhere memorable. Although the research project deadline loomed, it was worth cashing in on one last weekend trip. I had been scouting out worthwhile day trips from Tokyo, ideally a mountain to climb. Unfortunately we would miss the Mount Fuji climbing season (you can do it before June, but with ice axes, crampons, and bigger balls). Looking on the internet for places within a day trip of Tokyo, a few places came up.&lt;/p&gt;

&lt;p&gt;Mount Nantai, near the Onsen resort town of Nikko, came up as the best option. One of Japan’s 100 famous mountains, it is an active volcano. Its name in Japanese literally translates as to “Man Body Mountain”. Standing at 2486 metres above sea level with a prominence of just over 1000m, Mount Nantai is an important religious site. The Holy Mountain providing the stream water, and therefore life, to the plains below where people lived. In fact the official start point of the hike is at a Shinto Shrine (Futarasan Shrine) by the shores of Lake Chuzenji where you pay the shrine attendants 500JPY for access to the path that ascends up the side of Mount Nantai. (Practical information at the end of the article).&lt;/p&gt;

&lt;p&gt;We left Tokyo early in the morning, around 07:45 in order to climb up and down again before dark. The Tobu-Nikko train departed from Tokyo Skytree station. We opted for the Spacia Express service as it was slightly faster and since we don’t have the JR RailPass it didn’t matter to us what train company we used.&lt;/p&gt;

&lt;figure class=&quot;image full-par-width&quot;&gt;
  &lt;img src=&quot;/assets/img/2019-05-21-climbing-mount-nantai-paddies.jpg&quot; alt=&quot;Beautiful Rice Paddies, on the way to Nikko&quot; /&gt;
  &lt;figcaption&gt;Beautiful Rice Paddies, on the way to Nikko&lt;/figcaption&gt;
&lt;/figure&gt;

&lt;p&gt;We arrived in Nikko, and purchased the public transport pass at the train station. The whole day would have been easier if we had rented a car, but surprisingly the important destinations in the area were well served by buses. Japanese public transport is obviously always on time, so as long as you had a leaflet with the bus times printed on, you couldn’t really go wrong.&lt;/p&gt;

&lt;figure class=&quot;image almost-full-width&quot;&gt;
  &lt;img src=&quot;/assets/img/2019-05-21-climbing-mount-nantai-nantai.jpg&quot; alt=&quot;Mount Nantai as seen from the car park near Kegon Waterfall. Note Sakura trees still blossoming.&quot; /&gt;
  &lt;figcaption&gt;Mount Nantai as seen from the car park near Kegon Waterfall. Note Sakura trees still blossoming.&lt;/figcaption&gt;
&lt;/figure&gt;

&lt;p&gt;We decided to visit the Kegon Waterfall before we started our ascent of Mount Nantai, so we boarded the bus from Tobu-Nikko station, the journey would last approximately 50 minutes. Kegon Waterfall is a fairly well known (maybe infamous?) spot in the Nikko area. The main waterfall drops almost 100 metres, and a cluster of smaller waterfalls are dispersed to the side and behind the main waterfall, with water gushing through cracks in the volcanic rock. Kegon Waterfall is known as a popular suicide spot especially for Japanese youths, I am unsure why this is.&lt;/p&gt;

&lt;p&gt;The waterfall is about 5 minutes from a bus stop and a further 25 minute walk along the main road next to Lake Chuzenji brings you to the Shrine, where you access the mountain trail.&lt;/p&gt;

&lt;figure class=&quot;image portrait-image&quot;&gt;
  &lt;img src=&quot;/assets/img/2019-05-21-climbing-mount-nantai-waterfall.jpg&quot; alt=&quot;Looking down to Lake Chuzenji&quot; /&gt;
  &lt;figcaption&gt;Looking down to Lake Chuzenji&lt;/figcaption&gt;
&lt;/figure&gt;

&lt;p&gt;The waterfall can be seen from a platform near the road. For an extra experience, you can purchase tickets to take a ride down an elevator which takes you down to the bottom of the waterfall… we did this but I would say save your yen and just admire it from the top. It didn’t help that there was a large school group in front of us so waiting for the elevator took a while.&lt;/p&gt;

&lt;p&gt;After we came up the elevator, we headed towards the start of the trail. Shops along the road sold food and inflatable toys for swimming in the lake. If we had more time, we would have definitely explored the lake a little more.&lt;/p&gt;

&lt;div class=&quot;flex&quot;&gt;
  &lt;figure class=&quot;image half-par left&quot;&gt;
  &lt;img src=&quot;/assets/img/2019-05-21-climbing-mount-nantai-sunout.jpg&quot; alt=&quot;Suns out, Guns out. Through the forest at the beginning of the trail.&quot; /&gt;
  &lt;figcaption&gt;Suns out, Guns out. Through the forest at the beginning of the trail.&lt;/figcaption&gt;
&lt;/figure&gt;

  &lt;figure class=&quot;image half-par right&quot;&gt;
  &lt;img src=&quot;/assets/img/2019-05-21-climbing-mount-nantai-looking-down.jpg&quot; alt=&quot;Suns out, Guns out. Through the forest at the beginning of the trail.&quot; /&gt;
  &lt;figcaption&gt;Suns out, Guns out. Through the forest at the beginning of the trail.&lt;/figcaption&gt;
&lt;/figure&gt;
&lt;/div&gt;

&lt;p&gt;Futarasan Shrine itself is not particularly remarkable. Tori gates line the entrance to the shrine. The general atmosphere is very peaceful, there probably are not as many visitors to this shrine as there are to the main ones closer to Nikko. An attendant in a kiosk takes 500JPY from you and provides you with a small map roughly showing you the way up, and a small shinto charm, (apparently providing good luck for travellers and those that make journeys, according to a colleague of mine).&lt;/p&gt;</content><author><name>GitHub User</name></author><summary type="html">The last weekend of my stay in Japan, I wanted to visit somewhere memorable. Although the research project deadline loomed, it was worth cashing in on one last weekend trip. I had been scouting out worthwhile day trips from Tokyo, ideally a mountain to climb. Unfortunately we would miss the Mount Fuji climbing season (you can do it before June, but with ice axes, crampons, and bigger balls). Looking on the internet for places within a day trip of Tokyo, a few places came up.</summary></entry><entry><title type="html">ODAIBA AND TEAMLAB BORDERLESS (HONEST REVIEW)</title><link href="/misc/2019/03/10/odaiba-teamlab-review.html" rel="alternate" type="text/html" title="ODAIBA AND TEAMLAB BORDERLESS (HONEST REVIEW)" /><published>2019-03-10T00:00:00+00:00</published><updated>2019-03-10T00:00:00+00:00</updated><id>/misc/2019/03/10/odaiba-teamlab-review</id><content type="html" xml:base="/misc/2019/03/10/odaiba-teamlab-review.html"></content><author><name>GitHub User</name></author><summary type="html"></summary></entry><entry><title type="html">AN AFTERNOON ALONG THE EDOGAWA RIVER</title><link href="/misc/2019/03/02/edogawa-river.html" rel="alternate" type="text/html" title="AN AFTERNOON ALONG THE EDOGAWA RIVER" /><published>2019-03-02T00:00:00+00:00</published><updated>2019-03-02T00:00:00+00:00</updated><id>/misc/2019/03/02/edogawa-river</id><content type="html" xml:base="/misc/2019/03/02/edogawa-river.html"></content><author><name>GitHub User</name></author><summary type="html"></summary></entry><entry><title type="html">THE JAPANESE ADVENTURE BEGINS!</title><link href="/misc/2019/02/26/japanese-adventure-begins.html" rel="alternate" type="text/html" title="THE JAPANESE ADVENTURE BEGINS!" /><published>2019-02-26T00:00:00+00:00</published><updated>2019-02-26T00:00:00+00:00</updated><id>/misc/2019/02/26/japanese-adventure-begins</id><content type="html" xml:base="/misc/2019/02/26/japanese-adventure-begins.html"></content><author><name>GitHub User</name></author><summary type="html"></summary></entry></feed>